{"y": [403.79078, 0.0, -154.97252], "x": [140.0, 200.0, -89.47342]}